qmean7913,CC_Area_km2
2116998.155,1
1663631.242,1
1833660.782,1
1792286.136,1
1994254.719,1
1674396.037,1
2050518.907,1
1670360.022,1
2169689.057,1
2052833.194,1
1973917.527,1
2188915.339,1
1976724.766,1
1984403.617,1
2276229.859,1
2245641.912,1
2269483.161,1
2025229.379,1
2285253.831,1
2306608.025,1
2310043.765,1
2034416.912,1
2494118.582,1
1935404.638,1
1930062.922,1
2198170.478,1
1933520.711,1
2217612.736,1
1933578.232,1
2055003.753,1
2076865.73,1
1986961.759,1
1964140.22,1
1933018.204,1
1930655.508,1
2308038.541,1
1892940.144,1
2260186.536,1
1989718.358,1
4743635.101,1
2283280.459,1
2023844.331,1
2473118.045,1
1870412.911,1
2283379.265,1
1856698.88,1
1966578.112,1
2080306.322,1
1875010.458,1
2329333.111,1
1904226.174,1
1889341.383,1
2166253.896,1
2132498.685,1
1797973.209,1
4184188.643,1
1937158.623,1
2096791.736,1
3834767.869,1
4890034.867,1
2370531.004,1
4822543.643,1
2649175.254,1
4015222.524,1
2168954.856,1
1833530.983,1
4110675.835,1
2171758.472,1
5628415.52,1
2740909.26,1
5685931.927,1
1769640.81,1
2304217.265,1
2053470.552,1
5555918.187,1
5299934.252,1
2132085.309,1
4742006.791,1
1760148.228,1
2569236.207,1
1717448.423,1
2804894.856,1
2250777.352,1
2191008.778,1
2112690.143,1
4685725.155,1
2202020.285,1
2292040.034,1
2242215.372,1
2050050.088,1
2273276.891,1
2238467.719,1
2352082.313,1
4104108.507,1
2509508.006,1
2002314.709,1
2105742.613,1
1915394.05,1
1941517.091,1
1912123.565,1
2074630.396,1
1834371.768,1
2079366.582,1
1964489.365,1
4906972.086,1
2095136.726,1
2324324.039,1
2056635.543,1
2155604.952,1
2114360.379,1
2072526.357,1
2105928.033,1
4544920.66,1
2326425.534,1
1896489.855,1
1823773.558,1
2130857.962,1
1917604.804,1
2134263.561,1
2113858.122,1
2232135.269,1
1862388.38,1
1978339.198,1
1849783.449,1
2336645.858,1
2334167.844,1
2362409.883,1
4826832.749,1
1808825.502,1
2414251.505,1
2348230.398,1
2339562.045,1
1858844.458,1
1805489.483,1
4424799.34,1
1815916.534,1
2342290.244,1
4134923.748,1
1826408.57,1
1850628.745,1
2411895.162,1
2334041.068,1
2327126.801,1
2392376.374,1
1993410.848,1
1914553.295,1
2353581.908,1
1883831.096,1
2736817.633,1
2520622.883,1
4517720.814,1
2761091.251,1
2014592.283,1
2049339.302,1
2430943.369,1
1938854.7,1
2105540.191,1
2062333.532,1
2379477.063,1
2661577.314,1
2746277.408,1
2619507.18,1
2191776.816,1
1948417.075,1
2452980.14,1
2007804.096,1
2437962.632,1
2553739.335,1
2247511.609,1
2624167.045,1
2053031.836,1
2587891.452,1
2027137.13,1
2183309.671,1
2578329.579,1
2280888.253,1
2047277.572,1
2078055.949,1
2487787.07,1
2253645.85,1
2468800.418,1
4575995.155,1
2413124.597,1
2375778.015,1
2786435.449,1
2432294.12,1
2551772.524,1
2675535.302,1
2698139.365,1
2661172.857,1
2343724.261,1
2310449.941,1
2419883.794,1
2425944.251,1
2311011.269,1
2888897.181,1
2811462.236,1
2292492.867,1
2865838.403,1
2740478.098,1
2286286.823,1
2367477.795,1
2894267.741,1
2453197.663,1
2298059.568,1
2500997.8,1
2925486.026,1
2431937.873,1
2306066.242,1
2384863.391,1
2959747.142,1
2978235.766,1
2809473.365,1
2743764.884,1
2880523.925,1
2396036.257,1
2855722.033,1
4172560.261,1
4248396.988,1
2293118.789,1
2937057.535,1
2468116.017,1
2477147.164,1
3993853.635,1
4205386.487,1
2501496.541,1
4209574.867,1
4143613.528,1
2551185.892,1
2880254.204,1
3785416.275,1
4123517.484,1
3944989.5,1
4098271.191,1
2837459.852,1
4407315.158,1
4114900.18,1
2924245.606,1
4277821.205,1
2868583.411,1
4018299.026,1
2887658.9,1
2684640.567,1
2548899.874,1
2745094.402,1
2736154.613,1
4151609.815,1
4819986.545,1
2817004.777,1
2924484.955,1
3428699.784,1
3127699.977,1
3129073.556,1
4457010.834,1
3319274.79,1
3212386.466,1
3868532.789,1
3364769.024,1
3769676.794,1
3069077.171,1
3428375.175,1
3179743.996,1
3068048.489,1
4732612.214,1
3479911.602,1
3769555.646,1
4242814.981,1
5011568.518,1
4430023.573,1
3493125.225,1
4620895.801,1
5358440.907,1
4428540.704,1
3611915.646,1
3259156.071,1
3599413.48,1
2762661.39,1
3155108.885,1
3082024.584,1
3324152.51,1
3174495.298,1
2943149.274,1
3296543.078,1
3328180.635,1
3125132.307,1
3291523.033,1
2487255.324,1
3343772.142,1
5212925.418,1
2432580.376,1
5298280.217,1
5377079.871,1
2784668.961,1
2718479.606,1
3369938.272,1
2716094.828,1
3449399.094,1
2304685.362,1
4005016.443,1
2243649.366,1
5989201.75,1
3265672.023,1
5292336.314,1
5846772.871,1
4672576.845,1
2494097.52,1
2453013.545,1
3845184.067,1
2513242.014,1
2943739.821,1
2401091.355,1
3248815,1
1872859.722,1
2181148.609,1
1976499.356,1
2286995.911,1
2302368,1
2236424.365,1
1916033.726,1
2038429.842,1
2758839.335,1
4946438.851,1
2739425.604,1
2637953.804,1
2845868.277,1
4223413.156,1
2823306.914,1
2140249.907,1
2782640.117,1
2446033.199,1
2241377.886,1
5019222.458,1
2465106.603,1
5474456.787,1
5818600.619,1
5503548.439,1
3704273.134,1
3732878.432,1
5400024.803,1
4973855.725,1
6488918.058,1
5519695.672,1
2378388.165,1
5567058.074,1
2545982.778,1
5476570.448,1
5336868.744,1
6214717.019,1
3699178.399,1
4539428.648,1
3601971.598,1
2868497.845,1
2895709.972,1
4898617.558,1
3108960.09,1
2930450.436,1
4783916.432,1
3348134.672,1
4417800.195,1
2867118.383,1
2825907.357,1
2811789.045,1
2705781.599,1
2884807.984,1
4438630.404,1
4918058.539,1
4111636.391,1
3250463.555,1
2568825.841,1
2698612.013,1
3970244.867,1
4390439.929,1
4895178.967,1
2844851.981,1
2781244.031,1
3971639.823,1
4491763.966,1
4675415.606,1
4922999.63,1
4886673.563,1
3112181.186,1
4401783.749,1
4956270.945,1
4378283.035,1
4861068.622,1
2458874.995,1
3970437.129,1
3955934.77,1
4573432.704,1
4383550.549,1
2940750.071,1
3150992.747,1
3759975.436,1
4414450.757,1
3707390.158,1
2534888.011,1
4946729.271,1
4852926.116,1
3811540.979,1
2552299.355,1
4971465.551,1
4372863.144,1
2653869.13,1
2868502.823,1
2834968.349,1
2526769.275,1
4909297.358,1
4901986.45,1
2926766.76,1
4296316.26,1
4803990.185,1
4315038.771,1
4852534.271,1
4858410.74,1
4735734.549,1
5229567.637,1
4396919.923,1
4837988.545,1
4798613.151,1
4798007.177,1
4795591.235,1
4847413.118,1
4864105.536,1
4886468.019,1
4867140.187,1
2016144.438,1
2715736.762,1
3488368.013,1
4820171.969,1
4790511.535,1
2578018.74,1
3530450.92,1
3253508.403,1
3530269.005,1
4706669.512,1
3623873.377,1
3791154.82,1
4840897.145,1
4939924.905,1
2112456.108,1
3700405.772,1
4764191.454,1
4703914.698,1
1874732.26,1
2605899.202,1
2675922.194,1
3727998.166,1
5196264.59,1
5564891.275,1
4746847.95,1
2987941.034,1
3457076.479,1
4727629.661,1
4824014.687,1
4333690.068,1
3769575.896,1
2960048.28,1
2993116.301,1
2755741.839,1
2630671.992,1
3948619.748,1
4487223.074,1
4752099.876,1
4735129.687,1
3606121.093,1
2675702.304,1
3581143.311,1
3298502.56,1
2095667.32,1
4311419.965,1
5103423.443,1
4716785.081,1
3132620.985,1
2082124.764,1
4970674.968,1
4909507.447,1
4777180.548,1
4651114.631,1
2051004.704,1
4726343.388,1
4729224.155,1
4646890.547,1
2030949.612,1
3150726.087,1
4318973.961,1
2615420.415,1
2614098.779,1
2527317.995,1
2508318.701,1
3010255.102,1
4860462.24,1
2911795.376,1
2560975.673,1
4710402.951,1
4428786.826,1
4492015.914,1
1891395.398,1
3600103.082,1
2810270.9,1
2317891.248,1
4807193.633,1
3585670.007,1
3199511.364,1
4334895.559,1
4216285.635,1
1863932.646,1
4495011.246,1
4382756.253,1
4227598.605,1
4463612.962,1
1864253.093,1
3443957.079,1
1602835.723,1
3269519.551,1
3010831.441,1
3086704.435,1
1825688.779,1
4139581.554,1
2656492.32,1
3749428.101,1
3018091.965,1
3035126.864,1
4784408.436,1
4378038.734,1
4926204.245,1
3726326.242,1
1532263.099,1
6646937.007,1
7022774.847,1
3164263.647,1
3031633.475,1
2822450.699,1
2817392.459,1
3019693.495,1
3037366.417,1
4905121.54,1
4175554.865,1
2813449.625,1
4524268.432,1
3051575.672,1
1781261.246,1
2835554.095,1
3954227.654,1
4698162.195,1
5801244.044,1
2969023.025,1
2944258.76,1
2935032.187,1
3207198.757,1
3178964.116,1
2854442.515,1
4017498.509,1
3340880.001,1
3126123.371,1
1790312.508,1
4576245.218,1
4607382.262,1
6007308.075,1
4043355.337,1
3679743.316,1
3296537.896,1
3626211.117,1
5849927.256,1
7211691.462,1
3159969.008,1
2879665.115,1
3963350.505,1
3922691.618,1
3801739.793,1
3593498.193,1
6458372.398,1
3216079.009,1
3730947.252,1
1672394.316,1
3233626.582,1
3217678.811,1
3931376.911,1
4357124.627,1
4242851.375,1
3937273.626,1
3866949.072,1
5923331.083,1
3277334.311,1
2821435.663,1
8474152.976,1
3803034.289,1
3449687.486,1
3184468.575,1
3231346.956,1
4385685.305,1
3958202.891,1
3151578.771,1
3172672.342,1
2899701.202,1
2828253.926,1
7074821.416,1
3387223.255,1
3055723.331,1
2890031.585,1
4458680.851,1
3715919.671,1
3242793.512,1
3155767.372,1
2948577.825,1
3762886.696,1
3895437.707,1
3699882.9,1
5074075.912,1
4576978.448,1
3328569.49,1
3313609.723,1
3089757.926,1
2906485.048,1
4053820.092,1
5190623.538,1
5156600.169,1
5120713.91,1
5009083.471,1
4947239.331,1
4443811.75,1
3030584.032,1
2474805.49,1
2871859.134,1
4172942.16,1
3903805.913,1
5302806.495,1
5190098.312,1
4743543.547,1
2181255.168,1
3864508.182,1
4111074.403,1
5376758.505,1
4722401.727,1
3173962.083,1
2935768.517,1
5475451.681,1
5249818.35,1
5470601.359,1
5409225.658,1
2901627.746,1
5084485.751,1
3268477.892,1
2566629.879,1
2783439.565,1
5640722.029,1
3001926.372,1
2721386.262,1
2879954.802,1
2592138.754,1
2163337.069,1
2466357.796,1
1522883.734,1
5644722.152,1
5620494.69,1
2301737.445,1
6881458.029,1
6360379.306,1
2696094.821,1
2598073.201,1
2223642.448,1
1637227.064,1
4192627.979,1
2218142.445,1
2125931.307,1
2581607.175,1
7760514.031,1
6041537.708,1
2215910.767,1
2786473.573,1
1519057.788,1
6297450.932,1
2140260.888,1
6287166.494,1
2294286.677,1
2054839.414,1
2045580.882,1
2351992.188,1
1414595.258,1
6706849.719,1
4049583.515,1
6347892.858,1
2319938.031,1
2118496.63,1
6414577.058,1
3768470.781,1
1197789.261,1
5842675.773,1
6264437.431,1
6195778.435,1
1332030.448,1
3696892.816,1
6306806.928,1
6091701.204,1
6069061.557,1
3926191.026,1
3969133.069,1
5942617.501,1
1200044.525,1
3931885.25,1
3737392.568,1
6105339.358,1
5907162.385,1
5830760.837,1
1484182.267,1
1700383.718,1
1178645.864,1
4004029.113,1
4012384.897,1
5970405.004,1
1477851.39,1
1469734.514,1
6275051.571,1
6547169.538,1
5427347.82,1
5702266.235,1
5645083.162,1
1993751.719,1
1261716.352,1
1154959.778,1
6158128.325,1
6684475.81,1
3690596.22,1
3769186.343,1
3751486.442,1
5571721.95,1
5624190.641,1
5665534.967,1
27798009.45,1
27747346.91,1
5830446.709,1
5852325.71,1
5661025.945,1
1710580.565,1
1135198.278,1
4094255.426,1
26901878.07,1
5232060.31,1
5257031.817,1
5759579.562,1
3832052.686,1
5273106.78,1
5139266.479,1
5705628.463,1
5389582.22,1
5366129.232,1
5189211.524,1
3819964.963,1
5056981.634,1
5625601.148,1
5341188.088,1
4965914.244,1
5151392.019,1
1369838.141,1
1104806.671,1
6626432.522,1
3861130.739,1
4195592.079,1
5255753.665,1
4635052.265,1
1149612.272,1
4238509.093,1
5340797.417,1
4880691.033,1
4893713.642,1
1987295.54,1
1570626.282,1
5624114.026,1
4350088.021,1
4334730.917,1
4404995.13,1
4858557.31,1
5110666.505,1
1972816.17,1
977164.9125,1
3819532.802,1
3842832.277,1
4249292.538,1
4538329.714,1
4752036.901,1
2325798.837,1
1091956.6,1
4528697.773,1
4767268.103,1
2105218.123,1
1318950.111,1
960455.1946,1
3820022.32,1
4031144.012,1
4240643.221,1
4234845.365,1
4428282.276,1
4435723.747,1
4502606.117,1
1316736.076,1
4335594.155,1
4962196.39,1
1315126.31,1
1525730.598,1
951557.1455,1
3983417.318,1
4279331.841,1
4381149.949,1
4957360.361,1
1314870.964,1
5469195.451,1
3750050.126,1
3946653.068,1
4227147.007,1
4486490.992,1
1313894.756,1
1509600.76,1
3960030.767,1
4158629.801,1
4040731.203,1
3991973.327,1
3982230.872,1
4285953.573,1
4431785.08,1
4278068.885,1
4761099.906,1
1543315.292,1
934818.7582,1
3988248.243,1
3791200.638,1
4005699.869,1
3998908.362,1
4403819.68,1
4625568.178,1
1153970.293,1
1515752.173,1
3918749.825,1
3785136.373,1
3838105.9,1
3919546.038,1
4046818.478,1
3784454.232,1
4279432.813,1
4320074.658,1
4579494.016,1
2059186.676,1
1123185.246,1
930123.3557,1
3779351.779,1
4192554.945,1
4289783.866,1
4264430.111,1
4250156.613,1
4048489.889,1
1147725.855,1
1311378.494,1
1550872.908,1
1511181.71,1
3896602.091,1
3988042.728,1
4180214.564,1
4138761.301,1
4132060.702,1
3998443.532,1
4558186.177,1
4455550.882,1
1744244.589,1
1148238.865,1
945426.0467,1
4690321.739,1
5063386.029,1
3966302.673,1
3889864.009,1
3699474.227,1
4263696.729,1
3931692.259,1
4372726.796,1
3798989.254,1
3801638.34,1
3943122.93,1
4799704.375,1
3953173.827,1
3980606.924,1
3802564.067,1
4314691.633,1
4031737.202,1
4148639.006,1
950999.1084,1
5475430.652,1
3953861.205,1
4182718.08,1
4184682.873,1
4124764.292,1
4332415.819,1
3923646.03,1
3860047.769,1
3873477.449,1
2110100.211,1
932420.2203,1
943350.6118,1
5277993.425,1
4148074.418,1
4196002.573,1
3923985.949,1
4280148.865,1
3933318.529,1
4160918.904,1
4018882.337,1
4142919.779,1
4154275.668,1
4163797.981,1
3856798.484,1
4090868.393,1
3892317.285,1
3637073.891,1
3856035.743,1
4832465.813,1
3438754.123,1
1090309.946,1
4006248.164,1
3839861.793,1
4150277.69,1
4143364.719,1
4096882.482,1
3987319.033,1
4018842.064,1
3676497.081,1
1382711.72,1
4676918.016,1
4798869.439,1
4155067.586,1
3717123.048,1
3703053.43,1
3705696.289,1
1435194.47,1
943445.2264,1
4165138.594,1
4151595.771,1
4021127.274,1
3712707.322,1
1495052.778,1
1421830.661,1
4725322.834,1
4171652.166,1
4184256.847,1
3713774.919,1
3719814.527,1
3921820.282,1
3950204.023,1
3887361.251,1
1412824.585,1
984771.5923,1
4152670.4,1
4177642,1
3963084.594,1
3982817.858,1
3709056.485,1
3731732.569,1
3856583.309,1
3891037.516,1
3294747.465,1
976370.7934,1
4024484.455,1
3943527.431,1
3972282.692,1
3746433.648,1
3929145.813,1
3894082.461,1
5879374.361,1
4025952.451,1
4031923.253,1
4023482.351,1
3974920.302,1
3837704.505,1
4071461.679,1
3904294.489,1
4031224.123,1
3841736.489,1
3895495.012,1
6420957.126,1
3879751.598,1
3771201.5,1
4698373.116,1
3865953.475,1
3966484.115,1
3969540.463,1
3868055.806,1
4026852.132,1
3005706.073,1
3985889.121,1
3959215.534,1
3935240.851,1
3876126.62,1
3962199.744,1
3908032.756,1
3251915.684,1
3022992.53,1
4783890.292,1
4709294.832,1
4532362.84,1
4160380.152,1
4577501.861,1
4253269.609,1
4012192.783,1
3971435.855,1
3840490.713,1
3754328.159,1
3719682.262,1
2882350.403,1
1400351.318,1
5293363.852,1
5169742.015,1
4547185.397,1
4006405.448,1
3896793.391,1
1396595.056,1
1021731.541,1
4539368.272,1
4073207.125,1
4024904.625,1
3982195.251,1
3969253.26,1
3871876.128,1
3925788.749,1
1418162.713,1
4503874.446,1
4193606.345,1
5001372.918,1
3892342.329,1
1426740.602,1
1343813.656,1
3977763.348,1
3725313.33,1
3953304.43,1
3770918.311,1
1057112.038,1
1415288.761,1
802291.9064,1
4131661.233,1
3950569.409,1
3916254.173,1
3902485.519,1
3912602.287,1
3758842.896,1
3733654.747,1
3733600.673,1
3014218.995,1
896284.3511,1
4577688.239,1
3948936.272,1
3908295.353,1
1433741.312,1
3696127.806,1
3926486.916,1
3809041.107,1
1330597.972,1
3685774.324,1
3983724.25,1
3881000.667,1
1532655.144,1
1223435.933,1
3908686.69,1
3878231.159,1
15628400.52,1
1311607.479,1
1238282.163,1
4182037.812,1
3872317.316,1
3891663.297,1
3206829.129,1
1439286.315,1
934126.0621,1
3919909.878,1
3641932.783,1
3824373.066,1
3880094.601,1
3930785.831,1
946342.3025,1
4629385.084,1
4243382.057,1
3747042.132,1
860588.9359,1
4625415.21,1
3861042.222,1
15345877.29,1
1189369.042,1
1109286.587,1
4251534.053,1
3875367.365,1
3882030.214,1
3876663.925,1
3739504.369,1
3832469.975,1
3828042.079,1
1154014.328,1
4141448.002,1
4327977.522,1
3880416.184,1
4243016.907,1
4738327.092,1
3726843.841,1
4487611.273,1
1063982.001,1
3143518.223,1
4713050.869,1
3337940.796,1
4385474.959,1
4526820.917,1
4307111.624,1
4250554.701,1
1218139.792,1
2492125.523,1
3245289.736,1
4028000.838,1
4484046.691,1
4005233.531,1
1163036.13,1
1281869.37,1
1158427.761,1
2263980.085,1
2375505.52,1
2656102.709,1
1261122.017,1
2414312.388,1
2080105.007,1
2892639.217,1
2819747.457,1
1188543.887,1
3156658.196,1
2764211.186,1
2595404.382,1
2453229.237,1
4076111.631,1
1225002.334,1
1830295.367,1
1028713.987,1
1844921.545,1
2115027.603,1
1220983.821,1
1695748.068,1
1594275.314,1
1937143.07,1
1864967.904,1
1968763.52,1
1484512.643,1
2765020.724,1
2485056.66,1
2605440.896,1
1108512.029,1
1218485.215,1
1417497.102,1
960363.1543,1
2120320.407,1
1661397.796,1
3051472.376,1
3042383.395,1
1364648.757,1
1331545.231,1
1449301.38,1
1229644.347,1
1155758.518,1
2959417.482,1
3599611.11,1
1536544.008,1
3238625.519,1
3373486.373,1
3529521.919,1
1256884.039,1
3371607.046,1
3367144.727,1
947706.3713,1
3461673.156,1
1301854.637,1
1257150.928,1
2580164.747,1
3221663.969,1
1070073.511,1
2775572.34,1
1247736.513,1
1205713.296,1
2476929.906,1
2803206.134,1
3075890.015,1
1211443.586,1
1248867.336,1
1053383.31,1
2167953.502,1
2839645.857,1
1101835.344,1
2837777.169,1
1306396.235,1
889554.2212,1
1024005.401,1
2571173.055,1
3226039.778,1
1264300.529,1
1006031.321,1
3419722.011,1
3201445.455,1
1187820.985,1
1336632.624,1
888283.8619,1
1272255.869,1
1299629.071,1
3540268.126,1
3578984.949,1
1150615.707,1
987034.4067,1
1153994.699,1
1396860.817,1
1337112.581,1
1278186.228,1
1199393.649,1
1212280.635,1
2793342.643,1
1158777.277,1
1006550.083,1
1207589.114,1
1126436.676,1
1107677.982,1
975533.5409,1
1034053.339,1
1168886.642,1
944490.5445,1
1351371.743,1
1242259.468,1
999523.1209,1
3497535.496,1
1191625.737,1
1184652.578,1
1103908.872,1
1086266.962,1
1237714.585,1
3134729.419,1
1408546.538,1
1309773.366,1
983178.4782,1
1194486.596,1
952816.1891,1
935232.4443,1
942265.6229,1
865470.8237,1
933906.834,1
1129490.147,1
855819.1008,1
1088695.297,1
709507.6431,1
810883.4072,1
996435.9671,1
685979.2171,1
976959.8289,1
689320.1167,1
665231.3453,1
919000.1338,1
645760.8375,1
802425.8012,1
632144.227,1
630342.2022,1
630526.2913,1
630511.7656,1
793939.4138,1
2849781.086,2
2498585.124,2
1662666.43,2
1861850.856,2
1950506.446,2
2685504.129,2
2672619.786,2
3160360.013,2
3035727.512,2
2292246.937,2
3660575.397,2
5119447.432,2
2668888.211,2
3324119.134,2
2507783.261,2
1989330.162,2
4242072.629,2
2022448,2
2016270.872,2
2781755.596,2
4605041.938,2
2765204.685,2
1786038,2
4025529.678,2
1838421.98,2
1849187.769,2
1919345.98,2
3587471.917,2
1853323.083,2
5611335.719,2
5140118.66,2
1920096.749,2
5454103.406,2
7976405.374,2
6003850.293,2
3966501.458,2
2403842.513,2
4508598.512,2
2411355.437,2
1995446.529,2
3590441.208,2
2049737.558,2
2946047.055,2
1971104.906,2
2103395.434,2
3128188.357,2
3066811.083,2
3018302.217,2
3112433.033,2
3156214.412,2
3330497.577,2
1877070.569,2
2795010.34,2
3127522.418,2
1973978.733,2
2876838.21,2
6772257.737,2
1813943.127,2
2712595.44,2
4153512.877,2
3266628.145,2
2534281.009,2
1760823.473,2
3272969.879,2
5961865.125,2
6061168.492,2
2432545.602,2
2388618.367,2
2896004.984,2
4174031.627,2
2549232.06,2
2308555.152,2
1989469.539,2
3218242.937,2
3766777.732,2
2057285.859,2
2170431.041,2
2718938.193,2
4466090.768,2
3444498.222,2
5517458.155,2
2276953.785,2
2390980.789,2
2566591.142,2
2361030.4,2
2427837.941,2
2906155.389,2
2398033.629,2
5795113.904,2
3812768.605,2
4053882.068,2
6106370.24,2
6131880.363,2
5548961.719,2
4032401.351,2
3095581.315,2
4880352.281,2
5758446.9,2
2907946.682,2
4240761.868,2
5366638.597,2
3640607.125,2
5736169.426,2
5048954.961,2
5565728.132,2
5828535.996,2
3655124.238,2
7172583.53,2
4253762.464,2
7898904.658,2
7478352.543,2
5000406.233,2
3333778.332,2
3476751.934,2
4711499.66,2
3474276.97,2
3717488.187,2
5224050.329,2
2801523.474,2
7861896.975,2
3771009.592,2
2694449.584,2
3449500.408,2
3609337.005,2
2289730.193,2
2691774.726,2
7635649.561,2
5679382.8,2
3848045.898,2
7817506.351,2
6479571.984,2
4756841.887,2
4765558.376,2
4324676.249,2
7632914.047,2
8275464.187,2
8232478.954,2
4963521.916,2
5046722.232,2
4765546.282,2
3876440.258,2
5286697.686,2
3978876.801,2
4525551.802,2
4456536.275,2
4818277.647,2
5305464.346,2
3822947.985,2
2782257.886,2
5130761.939,2
6957976.243,2
8542241.714,2
6619512.989,2
6075233.844,2
6130741.939,2
2587616.252,2
4350505.333,2
3141596.587,2
4484982.853,2
4274705.266,2
4259236.941,2
5513990.398,2
3256093.077,2
3577553.629,2
2288286.419,2
7689179.232,2
4646117.643,2
5046297.701,2
3551578.815,2
4779305.355,2
3243872.256,2
3847957.492,2
5240434.988,2
4760110.518,2
4773541.502,2
4488455.305,2
2136197.913,2
2494088.925,2
4035863.36,2
2683339.518,2
3472756.663,2
4058324.286,2
4973665.691,2
4851290.837,2
2871754.502,2
3483527.512,2
2856416.487,2
7271937.757,2
3795569.771,2
1919485.654,2
2992798.696,2
7594617.786,2
1894410.907,2
3411773.541,2
5955365.473,2
6737340.469,2
4108583.177,2
8364111.191,2
6419363.921,2
6493569.533,2
4123710.358,2
4129528.527,2
6844409.436,2
7177299.578,2
6240728.653,2
7277161.025,2
3935391.868,2
5443451.033,2
5074528.409,2
3126187.988,2
5008610.651,2
2883243.872,2
4413039.643,2
6814957.585,2
1777451.245,2
7823673.088,2
6484187.742,2
5252952.405,2
3283496.332,2
7176981.139,2
5778339.882,2
2483100.75,2
5270652.952,2
8424907.04,2
1775692.519,2
8703241.823,2
6626414.156,2
4236052.255,2
4715810.762,2
6537145.59,2
3487853.866,2
1549060.317,2
3004973.83,2
3259148.929,2
5213253.757,2
5062484.502,2
10655831.57,2
5106612.264,2
6740959.612,2
4029071.109,2
3428109.918,2
1648198.755,2
8193170.2,2
5215191.13,2
10097388.13,2
9936665.112,2
5665412.764,2
2161025.302,2
10686763.01,2
9317226.119,2
9348288.691,2
5962215.298,2
3868794.95,2
8217846.499,2
3249314.873,2
6644515.588,2
5756686.455,2
3766844.279,2
1387501.899,2
5259219.608,2
7859844.74,2
7700121.839,2
8649530.105,2
2863192.723,2
1419948.505,2
2059143.293,2
6884773.956,2
7685407.695,2
4457860.491,2
8101556.291,2
3475607.007,2
1112828.113,2
6606076.922,2
1109390.326,2
4854961.047,2
3570787.693,2
1539199.255,2
1455572.435,2
3922461.984,2
3835727.679,2
6427286.845,2
5695502.926,2
6341876.999,2
6110826.84,2
1425629.594,2
8742580.969,2
6045927.183,2
1291392.184,2
6012342.271,2
2780415.968,2
4004596.711,2
3918350.331,2
4272433.034,2
3109434.755,2
1298598.818,2
6319654.729,2
5687786.966,2
4132852.101,2
4229363.016,2
1940879.613,2
5821752.234,2
6356721.408,2
4160326.269,2
5953864.863,2
3988444.586,2
2629848.815,2
952783.4714,2
3925867.708,2
5843916.878,2
5643818.943,2
930497.0283,2
9254884.493,2
3598603.571,2
5738264.398,2
6653654.407,2
6121382.343,2
5466478.944,2
1410950.886,2
3593229.956,2
5737823.138,2
5748052.313,2
3924281.819,2
1438585.466,2
5747849.694,2
4026117.404,2
5457837.626,2
5675158.824,2
1475972.84,2
4181384.49,2
4653614.154,2
3712137.514,2
5571687.927,2
3886455.289,2
5602520.027,2
5274573.185,2
6210869.817,2
969386.2826,2
4011882.569,2
3654716.396,2
3899161.927,2
1406390.764,2
3852447.702,2
4328801.546,2
6908090.871,2
6023387.694,2
5833941.813,2
3737205.404,2
1236850.66,2
6003680.903,2
5830098.295,2
834699.4495,2
3981069.758,2
3714701.898,2
5000806.096,2
7731736.475,2
4935092.646,2
4255859.209,2
1571735.454,2
4850267.463,2
4617431.748,2
4214343.884,2
858773.6376,2
4497770.351,2
6018601,2
3787193.908,2
5026697.435,2
7406903.692,2
5646493.333,2
3752302.979,2
6116101.365,2
6201431.012,2
3774996.021,2
5358060.948,2
1176129.468,2
4187669.608,2
5593752.451,2
902258.6846,2
3675452.29,2
4061320.228,2
5461424.449,2
1973207.376,2
6307776.561,2
5698952.956,2
3905504.775,2
3919782.097,2
3638971.352,2
11098887.38,2
3823106.128,2
1518072.505,2
1089262.459,2
5802946.142,2
893356.435,2
3824074.666,2
1541913.329,2
843441.5103,2
6791273.784,2
5806579.444,2
3840550.735,2
3672674.077,2
3839775.648,2
2226927.288,2
5935081.019,2
5697481.352,2
4339217.051,2
5437480.551,2
3858485.689,2
2025593.53,2
1053859.486,2
4297446.309,2
1056508.954,2
1710436.95,2
1832862.63,2
2748815.248,2
4676513.788,2
4262656.373,2
3977586.49,2
3020119.741,2
4508712.714,2
1099651.97,2
3591841.734,2
1771711.133,2
1838296.735,2
2146246.831,2
2708519.859,2
1086565.478,2
3331010.506,2
1216717.669,2
3166210.48,2
3533928,2
2584368.878,2
1782195.016,2
1396486.949,2
1748155.738,2
2746303.008,2
3500020.529,2
1185326.917,2
3305933.217,2
982110.0135,2
2511584.278,2
919014.8944,2
1150349.777,2
998671.3858,2
1558375.38,2
4978355.241,2
2791269.324,2
9127532.445,2
2863584.027,2
4466436.884,2
1272900.103,2
1820385.276,2
1195349.165,2
2891677.756,2
2791933.354,2
961874.5082,2
1709398.389,2
3835010.914,2
5042020.603,2
1125044.731,2
1462414.811,2
1439335.568,2
5225369.56,2
1084827.255,2
982882.4752,2
991392.5725,2
4805347.995,2
825213.9318,2
1362881.066,2
1147471.744,2
656319.7503,2
965686.7036,2
1107932.354,2
1064776.844,2
960923.6594,2
994464.6266,2
793781.7182,2
946194.7193,2
935592.9567,2
2862531.935,3
3776902.945,3
3673355.126,3
4023574.052,3
3619117.471,3
2135589.635,3
4272641.519,3
2045261.454,3
1973554.361,3
1927449.296,3
1967262.075,3
2051536.391,3
6134479.267,3
3592286.549,3
4009690.328,3
1878780.797,3
4840163.042,3
2701577.595,3
3653766.456,3
4871979.282,3
1759641.376,3
5984125.668,3
5060038.438,3
7324825.607,3
3339385.28,3
3695379.888,3
2158825.428,3
3752770.488,3
3829398.504,3
3065035.218,3
3204261.319,3
4576483.695,3
3290494.861,3
3348655.568,3
3955727.986,3
4082187.222,3
3993610.944,3
5600758.649,3
3013339.096,3
3237012.057,3
2958170.11,3
8685327.632,3
3760750.157,3
6708289.074,3
2196088.558,3
4734231.472,3
4569508.119,3
9202412.18,3
3212246.252,3
4117644.021,3
2037842.572,3
4066882.356,3
8218466.019,3
2546599.801,3
3907131.859,3
4128708.895,3
4346546.293,3
2567994.758,3
4969770.234,3
4825086.874,3
2940640.248,3
2200345.218,3
4561476.346,3
10417633.11,3
8755665.468,3
4526365.004,3
5172030.383,3
3546716.918,3
5722385.635,3
2814101.913,3
7920183.18,3
7865143.09,3
5493222.461,3
6040571.375,3
7572240.439,3
3321577.132,3
4863580.335,3
6479966.709,3
3045593.814,3
6696567.837,3
4632595.412,3
11259834.51,3
4769285.088,3
5047292.172,3
11370825.11,3
3636518.687,3
11088012.2,3
4818000.661,3
4047965.657,3
2942607.497,3
5864454.656,3
10295137.15,3
7644657.132,3
11375795.78,3
2261637.582,3
4861957.795,3
12658627.49,3
2854106.222,3
10003225.15,3
10439789.01,3
5348455.741,3
11736041.84,3
3538376.07,3
10162901.97,3
9460382.679,3
6050890.46,3
4808276.911,3
4708473.25,3
7989427.093,3
6788856.927,3
4115126.96,3
8828653.027,3
5250482.352,3
3885887.181,3
7036116.047,3
6550527.022,3
4943714.728,3
5079289.811,3
6678803.489,3
8710950.393,3
6549270.916,3
5465742.92,3
4527530.454,3
6974682.046,3
5918301.059,3
5837676.089,3
8834496.183,3
4851145.042,3
6557754.214,3
9518034.109,3
4222063.736,3
5085240.084,3
3665908.217,3
5439710.103,3
3955155.213,3
7027500,3
7485760.429,3
4310034.452,3
3721644.272,3
8538755.067,3
3087314.117,3
5426645.141,3
7082387.393,3
5253455.377,3
5210474.704,3
6094427.152,3
12473079.04,3
6549602.163,3
3854299.825,3
4031894.132,3
3460878.851,3
8257662.538,3
6944325.473,3
2955428.928,3
3207989.813,3
6055004.777,3
3955574.164,3
7791358.856,3
8897722.731,3
3755555.125,3
4488764.191,3
8168666.215,3
2653882.945,3
6774143.434,3
6812981.54,3
7200445.291,3
11025955.07,3
3223257.904,3
4713436.284,3
4474123.895,3
5321959.835,3
3212973.344,3
7670439.815,3
6728769.177,3
5294483.349,3
10040148,3
4690785.716,3
5221295.17,3
5525966.821,3
6170630.604,3
2576986.248,3
4019182.636,3
3012769.51,3
4481443.707,3
14317942.48,3
2345688.166,3
4647652.565,3
3504689.607,3
2643459.327,3
3871791.764,3
3344425.332,3
13475781.17,3
5373388.667,3
2490311.647,3
8578516.937,3
12551408.79,3
4057725.292,3
6058513.135,3
6927371.269,3
12220044.34,3
8432746.357,3
8381015.893,3
5737407.864,3
3580752.254,3
5529456.12,3
20924862.84,3
52642608.76,3
19577821.9,3
2229883.079,3
7179992.327,3
1711435.42,3
1101347.028,3
7761516.957,3
9706277.539,3
7954447.168,3
4662926.359,3
5776901.234,3
8922451.265,3
6441261.839,3
9862467.63,3
6325985.552,3
6235440.057,3
3824420.757,3
6589595.395,3
8042211.938,3
8060436.957,3
5606979.526,3
5995644.939,3
9982915.578,3
5483900.656,3
6437328.582,3
5809134.216,3
1665722.493,3
7871672.809,3
7774084.245,3
8836544.276,3
6972619.788,3
8617410.369,3
8574004.637,3
7814572.503,3
8064525.388,3
6028081.635,3
6146441.282,3
2292350.098,3
1938035.06,3
5213546.479,3
5979297.258,3
10307652.65,3
6099068.504,3
5832596.652,3
3117333.025,3
13785792.12,3
6096174.924,3
7942333.09,3
4115614.414,3
7837142.062,3
8921805.224,3
9932493.618,3
5874510.298,3
961528.7779,3
9104394.803,3
8048094.407,3
5982882.523,3
1254467.07,3
3847209.579,3
6180784.129,3
5556493.508,3
3815282.178,3
8053286.226,3
1443807.609,3
1249077.477,3
6092870.371,3
3893002.808,3
5656573.864,3
2631822.12,3
899998.2315,3
6405024.225,3
3666153.451,3
4877621.127,3
1950941.195,3
7783171.37,3
1297690.164,3
896044.7094,3
3908148.801,3
2164817.434,3
3829233.621,3
1240933.725,3
14558201.23,3
3758480.95,3
8955136.484,3
4434316.28,3
6656206.72,3
2681069.257,3
3387806.873,3
1254546.573,3
1263467.817,3
1096912.042,3
2485256.669,3
4570281.886,3
5766699.621,3
1724584.932,3
2176639.29,3
1858073.801,3
1908731.56,3
992851.0642,3
4148067.678,3
1024602.954,3
2721742.354,3
1236722.797,3
976152.4002,3
1966910.55,3
788559.4994,3
1983148.808,3
2148226.352,3
5857818.533,3
1774624.276,3
9052385.295,3
2217152.106,3
6072225.202,3
1148958.325,3
1713228.409,3
1805650.255,3
1678256.964,3
849746.5593,3
2051648.131,3
1904026.949,3
1943366.344,3
2420244.631,3
5112653.754,3
1732129.336,3
1589566.872,3
1394293.676,3
931559.7262,3
3729835.216,4
4535754.92,4
4926614.706,4
2935366.996,4
2283530.48,4
4840245.182,4
6193153.229,4
4983409.107,4
3855875.8,4
4867981.201,4
4762977.489,4
3781330.016,4
6359179.786,4
10510863.73,4
9931622.14,4
4210432.318,4
3638993.693,4
3315206.463,4
6037633.58,4
3650394.934,4
5107937.232,4
5375243.908,4
5260891.837,4
3465708.382,4
5219164.541,4
5505895.334,4
6486802.889,4
5202589.802,4
3833794.749,4
4245390.547,4
4541191.443,4
4757351.097,4
6103271.036,4
4734616.575,4
9438638.982,4
11484675.06,4
6937571.207,4
4326818.486,4
5823991.562,4
7539239.664,4
8134754.681,4
8067276.093,4
4930111.39,4
7752436.86,4
8060035.266,4
11099865.28,4
10677576.45,4
5314077.803,4
5210047.344,4
8519746.247,4
9470431.988,4
8245591.86,4
3515732.23,4
12929153.06,4
14787083.76,4
5296940.57,4
6025087.873,4
5342658.91,4
6916881.537,4
14086137.65,4
4201928.341,4
10025304.46,4
5982834.321,4
4224525.283,4
7055335.435,4
6967472.871,4
9110609.921,4
5766091.08,4
7187695.063,4
10133667.17,4
12559310.78,4
3996624.748,4
8591493.114,4
7755122.749,4
9288651.247,4
7808319.197,4
9630482.631,4
8226658.312,4
7716180.946,4
11112331.87,4
6659508.77,4
6208100.762,4
6966787.71,4
8940393.481,4
3782442.341,4
4962333.958,4
9600378.114,4
11115811.01,4
8975863.635,4
7220073.693,4
6006787.408,4
6393615.556,4
6955267.899,4
7517126.656,4
6228271.706,4
8708587.036,4
10977809.24,4
4541391.945,4
8838256.888,4
3193549.044,4
12376386.88,4
3324899.898,4
17981585.42,4
15782763.35,4
6701678.296,4
4901962.381,4
6627893.509,4
9297419.204,4
2515299.625,4
10632451.39,4
4946347.809,4
4695326.315,4
5298634.898,4
6398224.754,4
8812925.221,4
3217643.726,4
6194026.942,4
5609685.743,4
9733807.411,4
9784286.16,4
5084663.599,4
10333547.06,4
33972250.02,4
12831076.74,4
7251091.886,4
7466774.047,4
9519725.594,4
1956995.302,4
8327750.937,4
9535628.934,4
1297588.846,4
2656056.557,4
9685024.14,4
7763344.181,4
10212909.37,4
7815748.955,4
7559448.621,4
2725444.643,4
10958453.56,4
5719166.709,4
6462698.833,4
10355062.32,4
1403524.67,4
1886648.386,4
20275531.61,4
8093813.037,4
1455198.517,4
9247838.125,4
6057963.845,4
7151938.959,4
3130486.461,4
6077747.821,4
8308287.018,4
9642496.88,4
2127279.689,4
8594955.954,4
3438092.713,4
11685049.41,4
10119394.75,4
7852219.367,4
7594957.595,4
1920721.756,4
9697054.623,4
2221300.286,4
1953133.898,4
10495701.01,4
2440953.17,4
3714148.693,4
1881138.573,4
6428590.67,4
4308866.147,4
3073658.314,4
2194701.797,4
2278200.368,4
1226296.172,4
3086400.904,4
3043995.337,4
4025232.319,4
10080581.54,4
2246646.691,4
10764585.31,4
1806725.858,4
3096717.103,4
3639036.57,4
3494859.869,4
1430770.465,4
1472147.305,4
2407279.956,4
2471056.238,4
1840592.563,4
958597.3865,4
1394543.471,4
5305428.749,5
5852394.024,5
7895826.741,5
4179786.738,5
5802395.931,5
3812479.792,5
16176637.62,5
4817275.967,5
5564629.73,5
11375814.06,5
6848751.539,5
5479252.014,5
3781063.712,5
4268713.296,5
5410421.216,5
6211084.152,5
2875816.46,5
5432860.919,5
8003889.437,5
2271391.331,5
6597806.072,5
3050755.169,5
2965801.777,5
8309680.72,5
13346222.8,5
6299554.638,5
7486285.047,5
5457701.946,5
8478895.693,5
14836290.14,5
16089024.67,5
8714349.207,5
5533200.434,5
5384407.535,5
11185075.93,5
5819623.93,5
8558888.673,5
5468107.15,5
5994888.728,5
7173533.724,5
12225102.81,5
9479630.345,5
7054786.999,5
5338738.2,5
13651148.2,5
9735277.053,5
5157003.228,5
13832088.85,5
15351567.32,5
14290678.19,5
17880933.76,5
7555807.944,5
13240395.16,5
13485353.08,5
9911852.891,5
10844175.21,5
5880818.42,5
7209128.906,5
4266403.882,5
8513454.7,5
4278267.45,5
10649754.77,5
7674080.732,5
6330674.541,5
26138771.87,5
10336425.4,5
5034284.655,5
14080459.11,5
3991729.299,5
21843914.52,5
4810469.694,5
4222543.388,5
47426977.89,5
14112406.34,5
10233036.6,5
2713673.322,5
12940836.49,5
9671308.399,5
8524378.769,5
10149486.4,5
12597926.99,5
7654217.647,5
7628292.412,5
5831673.624,5
18472742.98,5
7799961.067,5
13291123.53,5
2606807.351,5
2797612.531,5
16171737.98,5
12878129.44,5
9287425.754,5
8976105.822,5
9333744.441,5
5946120.386,5
8336873.157,5
9892498.618,5
9976162.051,5
2847720.726,5
4066111.296,5
3384056.847,5
9450458.727,5
6119796.584,5
7744024.695,5
19704939.04,5
3258218.886,5
10251593.06,5
2038964.348,5
4568512.774,5
6636181.028,5
2019551.465,5
3331496.676,5
4346515.676,5
3860689.504,5
7128743.917,5
1504862.731,5
13486684.99,5
10928873.37,5
3322218.085,5
2751293.434,5
13195324.5,5
3624742.206,5
1296467.155,5
1103427.683,5
4927915.598,6
5510487.195,6
5250549.009,6
12817071.95,6
8322826.54,6
5082117.513,6
6684830.25,6
4208230.11,6
15912664.27,6
16459371.17,6
4793567.172,6
7359795.284,6
3211695.789,6
9956298.374,6
11650544.45,6
8595539.423,6
13022303.68,6
16045144.26,6
16309963.11,6
15543258.92,6
9884674.724,6
7942790.022,6
19103009.38,6
4988372.539,6
13582135.6,6
9014520.204,6
9430242.145,6
16014113.56,6
16502788.8,6
5700335.016,6
8848648.106,6
8934643.037,6
20857572.91,6
12626847.94,6
25170428.16,6
15117271.16,6
6223776.408,6
10650798.37,6
7709337.092,6
13094761.45,6
5069686.576,6
14376151.93,6
6246268.364,6
9191118.679,6
10907790.93,6
13685321.13,6
4080570.807,6
19386864.38,6
7774795.622,6
9767651.197,6
23725875.46,6
2025778.822,6
1708000.472,6
10013693.2,6
16904585.33,6
2884869.723,6
13226697.51,6
16840415.05,6
3697036.861,6
10962459.08,6
14645446.27,6
12809665.71,6
15131439.84,6
14080786.13,6
14448072.11,6
8314955.217,6
11828170.66,6
13755751.57,6
14346063.49,6
7632428.608,6
12773485.85,6
16708095.63,6
14366397.47,6
14873137.59,6
7455504.848,6
13822501.12,6
15229334.66,6
14898964.97,6
9095155.354,6
9122133.687,6
13888420.48,6
9417927.269,6
15800223.24,6
18546967.27,6
24150374.84,6
2734811.634,6
7076440.096,6
10994027.46,6
4489546.491,6
6047757.11,6
14710629.58,6
16539489.8,6
10833569.23,6
3710829.5,6
2264694.998,6
4049635.41,6
2381386.327,6
2424824.463,6
2633801.206,6
1922976.349,6
2431228.548,6
8078480.582,7
12176950.24,7
7632677.98,7
7100688.892,7
12250806.61,7
16302823.52,7
4988208.054,7
9265392.603,7
13167164.13,7
8986074.562,7
10237954.97,7
4458338.608,7
9159010.499,7
18395841.26,7
12216816.32,7
12286577.7,7
14289604.31,7
12528142.15,7
6845510.65,7
8857923.354,7
9963010.305,7
12798502.26,7
20664112.75,7
19981256.14,7
7600304.659,7
10989991.13,7
11619001.09,7
14124771.13,7
13034828.89,7
14890669.75,7
12285402.69,7
7902501.768,7
13666749.81,7
17679796.55,7
5617302.049,7
15293363.25,7
15407556.57,7
11221202.59,7
11063914.74,7
10005229.32,7
19603947.87,7
12137915.07,7
10651091.58,7
4524775.892,7
18111480.17,7
10087772.67,7
31596873.25,7
11475141.44,7
7347236.09,7
5795305.512,7
7284644.804,7
11664822.68,7
10679056.69,7
15375840.38,7
3859795.654,7
19203644.05,7
4702185.267,7
11069932.98,7
15375598.99,7
24385511.65,7
7338369.73,7
15090634.53,7
16920673.49,7
16259884.94,7
13374790.18,7
18150350.52,7
5802816.239,7
9603765.162,7
9662685.119,7
13789955.46,7
7402445.303,7
12533145.18,7
32502270.93,7
3552602.613,7
14783497.96,7
15840222.46,7
3033404.076,7
4201643.651,7
7830253.749,7
7483543.481,7
1547381.63,7
2298483.004,7
4473629.022,7
3867827.183,7
4144235.228,7
3985506.63,7
3393296.292,7
16597510.27,7
2360913.184,7
1087535.848,7
1228510.449,7
7715171.581,8
9309586.971,8
11045418.56,8
18292140.02,8
12476518.75,8
15006848.96,8
8877040.333,8
6785751.41,8
5778788.458,8
5772537.587,8
15381185.37,8
20008860.73,8
11244436.36,8
7621070.387,8
12743009.24,8
10656143.43,8
14297935.71,8
7253396.119,8
15067310.85,8
25299720.02,8
26012660.04,8
19698433.16,8
19941879.82,8
10691726.45,8
9649597.501,8
14460160.78,8
14326919.62,8
9367026.381,8
17449808.87,8
25341964.47,8
19157663.12,8
14990215.5,8
14905484.72,8
22325936.29,8
18939877.29,8
11049794.71,8
12649435.82,8
2352707.771,8
3449975.38,8
9123993.117,8
16121639.8,8
9494297.46,8
20547310.09,8
10632016.67,8
29300838.34,8
22526593.33,8
15596248.01,8
15858294.4,8
18066460.9,8
4140740.576,8
17630757.72,8
1334864.417,8
4544257.832,8
3182257.356,8
4516873.682,8
3265656.061,8
8115749.737,8
14916781.73,8
4417368.997,8
3514500.822,8
18502244.53,8
3064866.147,8
2620808.767,8
3886778.644,8
2806509.746,8
5789673.412,9
11050272.99,9
10889211.22,9
9151707.26,9
26109912.68,9
9006296.612,9
11486727.81,9
12193880.78,9
23813058.99,9
3643142.364,9
26906377.51,9
17709092.53,9
16686870.42,9
8625855.311,9
23750856.63,9
13439043.55,9
15060691.46,9
4867045.447,9
8912539.875,9
14170002.51,9
25557425.14,9
16272036.01,9
30208239.34,9
15863807.08,9
20504523.43,9
37317778.37,9
9526614.14,9
3081813.436,9
33196567.74,9
12409319.82,9
22637020.91,9
28263315.56,9
16042607.87,9
24503382.81,9
23783107.68,9
4477988.416,9
19640086.38,9
24189369.03,9
16192478.04,9
16468127.77,9
43914724.97,9
14817563.7,9
13729000.67,9
4537275.403,9
14055272.28,9
2805842.542,9
4611066.832,10
6737721.11,10
14557436.04,10
14703572.9,10
10602436.21,10
8766076.23,10
10747251.06,10
11785883.43,10
8654881.249,10
11287933.22,10
7948241.547,10
13680900,10
5172638.394,10
16599404.85,10
15513593.22,10
14200960.63,10
13070871.15,10
18748367.06,10
22628878.19,10
34832302.7,10
18089033.86,10
54970570.19,10
24973623.74,10
17190035.63,10
24999851.17,10
21858829.32,10
22196096.01,10
5273674.168,10
21711058.12,10
2396631.12,10
22193727.51,10
63202834.75,10
20234341.11,10
7109034.504,10
13709127.91,10
20553280.14,10
20063050.45,10
6622370.019,10
15320588.19,10
17858561.23,10
4734510.704,10
20529219.49,10
2715195.86,10
5816299.736,10
13085686.6,10
17286983.52,10
16372146.74,10
7191466.439,10
17010392.52,10
5003222.772,10
10828472.42,11
11957126.77,11
10005219.14,11
10661061.47,11
6140951.203,11
11350186.91,11
6898666.914,11
6841854.239,11
6624713.62,11
9069221.365,11
3268754.369,11
10959176.35,11
29797868.68,11
13788083.22,11
14812277.31,11
25540033.04,11
28161429.95,11
23252955.12,11
16268907.61,11
13284703.44,11
20632813.96,11
17673365.45,11
15369358.59,11
9109724.475,11
23680931.6,11
41013854.05,11
32713429.19,11
20119653.58,11
18053352.77,11
15654339.7,11
18256768.1,11
6347240.172,11
22916394.1,11
20338491.97,11
18042554.73,11
46573209.85,11
6842827.99,11
6810759.448,11
17815824.18,11
23305471.88,11
3794823.287,11
4476838.262,11
3689509.35,11
10606271.21,12
13233982.1,12
14713873.5,12
17195490.5,12
27129221.2,12
11310187.24,12
22296359.91,12
10072285.09,12
26695176.28,12
28463844.1,12
18940988.34,12
29141527.52,12
12890395.37,12
31946602.19,12
35804808.55,12
17543893.02,12
23465998.55,12
10894652.34,12
42972171.3,12
40976043.77,12
6227993.536,12
28697368.67,12
26459411.14,12
6205454.756,12
10314323.89,12
9582309.297,12
21167866.53,12
21441935.67,12
62132876.32,12
21856723.88,12
27971768.69,12
28433656.17,12
5850277.82,12
8648766.581,12
21930909.21,12
8847544.525,12
5186303.255,12
4186282.951,12
6476265.137,13
23424320.56,13
14555745.53,13
30384019.35,13
15234809.13,13
14035045.4,13
37756200.12,13
21406004.38,13
7996412.466,13
17477366.81,13
39286720.57,13
46548603.18,13
18181286.54,13
26183749.57,13
28355386.36,13
38179092.91,13
31652411.08,13
19129000.48,13
13925731.74,13
35202312.87,13
26821585.8,13
18809437.73,13
17896555.19,13
15166471.77,13
27526637.12,13
11963642.23,13
7984495.123,13
11788977.23,14
14150758.22,14
13298518.69,14
17436905.01,14
16054592.19,14
48887838.92,14
11587322.98,14
124604843.5,14
18961565.5,14
14207850.76,14
21736525.31,14
21861120.18,14
58396835.36,14
58804477.76,14
29292944.81,14
44673356.31,14
6344822.544,14
4066331.977,14
6783984.398,14
4925063.011,14
6882920.084,14
17083641.08,15
15306131.67,15
3179180.956,15
34803576.2,15
24367756.71,15
42511776.4,15
16771575.28,15
31548580.14,15
41635426.46,15
47100505.04,15
35184618.45,15
14014775.69,15
44120164.7,15
19267265.9,15
53629136.4,15
30313812.55,15
41223834.84,15
39611607.46,15
7885998.085,15
6240260.448,15
37129989.03,15
28519031.44,15
26386681.29,15
29576882.27,15
4908256.671,15
3879196.053,16
16573597.95,16
15962596.72,16
15420740.45,16
49640306.16,16
46281440.57,16
36523199.29,16
30396882.55,16
39487844.41,16
53652865.3,16
46297953.06,16
7160666.082,16
57599908.66,16
38133542.83,16
39741613.3,16
21845733.51,16
46461854.07,16
24168550.81,16
8143573.83,16
7188419.028,16
21532027.21,17
53447783.21,17
26954701.61,17
23411795.01,17
56388159.98,17
34402834.63,17
44948366.6,17
29235552.13,17
9924936.878,17
8189942.77,17
38940890.18,18
16566659.83,18
20070949.78,18
21934151.48,18
43268859.71,18
55782961.66,18
53092942.29,18
52891451.35,18
40337699.65,18
46970802.99,18
30715209.43,18
38741219.33,18
35412439.84,18
75335567.69,18
82507883.14,18
20519775.31,18
5754530.402,18
16996449.31,19
22796201.22,19
46535831.66,19
39693990.42,19
37889568.87,19
61935949.63,19
44757637.44,19
35669623.1,19
53790042.89,19
14329970.99,19
8729969.189,19
42403348.92,19
11848460.75,19
46057357.33,20
57013261.52,20
30633109.87,20
27066631.32,20
65114772.99,20
62557098.91,20
35776698.43,20
71479289.86,20
43921331.25,20
58381251.29,20
36046366.1,20
61563991.84,20
65818351.85,20
24595055.84,20
9149346.186,20
42257199.66,20
52895670.94,20
4643526.772,20
